month,1,2,3,5,7,10,20,30,50,70,100,125,150,175,200,225,250,ENSO 3.4 Anomaly
1979-01,270.0,268.64,260.98,245.88,237.64,230.75,219.01,212.99,206.0,196.89,190.64,197.41,205.39,212.98,219.98,226.35,232.13,
1979-02,276.98,274.33,262.37,245.62,236.56,228.61,217.18,211.56,204.2,196.32,191.05,196.76,204.64,212.44,219.62,226.12,231.98,
1979-03,274.81,276.09,267.97,251.23,240.71,232.58,220.38,213.3,204.92,197.01,190.96,196.86,204.81,212.65,219.89,226.42,232.3,
1979-04,272.52,272.11,263.99,250.66,243.72,235.46,223.63,215.93,206.8,198.18,191.38,196.76,204.89,212.82,220.13,226.72,232.63,
1979-05,269.69,270.55,263.53,248.56,241.75,236.05,224.14,216.42,207.51,199.17,192.8,197.57,205.22,212.95,220.18,226.73,232.62,
1979-06,270.14,266.42,258.43,244.35,238.0,234.36,223.74,216.94,207.5,200.65,194.39,198.07,205.36,212.88,219.98,226.47,232.35,
1979-07,266.44,264.63,256.19,241.67,234.84,232.52,223.08,217.3,208.18,202.36,195.76,198.19,204.93,212.27,219.25,225.64,231.45,
1979-08,266.21,265.17,255.66,241.43,234.44,232.01,223.19,217.19,208.45,202.75,195.54,198.48,205.15,212.39,219.33,225.72,231.56,
1979-09,268.24,268.32,258.83,243.8,236.57,233.02,224.7,217.04,207.64,201.16,195.0,197.68,204.75,212.27,219.3,225.72,231.57,
1979-10,268.71,269.02,260.79,245.37,237.75,233.15,224.84,214.96,205.37,197.69,191.03,196.79,204.73,212.53,219.75,226.29,232.18,
1979-11,269.52,268.18,259.29,246.86,239.47,234.5,227.86,216.5,204.93,195.82,190.58,196.48,204.59,212.46,219.72,226.28,232.19,
1979-12,268.74,263.05,257.12,245.95,239.11,234.44,227.35,219.85,205.21,195.08,190.38,196.71,204.58,212.27,219.42,225.92,231.82,
1980-01,268.38,261.18,254.52,241.08,233.48,229.76,224.47,219.31,204.75,195.06,190.26,196.75,204.77,212.45,219.58,226.06,231.92,
1980-02,269.75,269.15,257.06,241.06,232.03,228.33,222.62,217.14,203.21,194.6,191.35,197.18,204.99,212.59,219.67,226.13,231.98,
1980-03,270.1,273.81,265.41,242.14,233.09,229.56,222.68,216.45,203.06,194.01,191.24,197.5,205.12,212.64,219.72,226.21,232.08,
1980-04,269.3,271.42,265.61,246.3,236.32,232.4,225.1,218.48,205.96,194.38,190.5,197.23,205.19,212.98,220.23,226.79,232.66,
1980-05,267.52,266.81,261.88,246.32,235.37,231.93,225.75,219.7,209.45,196.45,191.13,197.42,205.33,213.12,220.38,226.97,232.9,
1980-06,267.82,265.11,258.84,244.51,233.84,229.25,225.0,219.69,210.87,200.51,192.98,198.12,205.47,213.02,220.13,226.62,232.5,
1980-07,267.78,268.74,258.97,243.49,234.06,228.35,224.38,220.02,212.54,204.66,194.72,198.46,205.19,212.36,219.31,225.73,231.58,
1980-08,266.4,269.31,262.28,244.1,233.93,228.32,223.26,219.05,212.48,205.92,196.18,198.43,205.11,212.24,219.1,225.47,231.29,
1980-09,265.88,267.64,262.55,245.29,233.36,228.34,222.6,217.95,211.71,205.46,195.18,198.16,204.94,212.31,219.35,225.81,231.67,
1980-10,268.19,267.17,261.85,248.55,236.23,229.49,221.83,216.62,209.68,202.33,193.34,197.35,204.77,212.32,219.42,225.87,231.73,
1980-11,267.01,265.05,260.21,249.21,239.86,231.2,222.04,216.31,208.69,200.64,192.43,197.19,204.61,212.13,219.21,225.7,231.58,
1980-12,261.51,261.35,256.83,245.61,237.66,230.37,221.97,216.06,208.03,198.98,191.45,197.06,204.7,212.22,219.23,225.68,231.54,
1981-01,267.51,259.17,254.77,242.45,234.57,227.9,220.12,214.8,207.35,198.83,192.02,197.46,204.89,212.22,219.16,225.57,231.41,
1981-02,271.08,267.47,259.04,244.76,233.28,226.42,218.11,212.75,205.66,197.78,191.29,197.24,204.84,212.31,219.32,225.76,231.62,
1981-03,270.1,272.3,266.14,248.62,237.34,231.0,220.81,214.46,205.98,197.32,192.0,197.33,204.81,212.36,219.45,225.92,231.76,
1981-04,269.78,269.85,262.76,249.66,239.29,232.12,222.47,215.83,206.75,197.89,191.74,197.4,205.16,212.81,219.98,226.52,232.41,
1981-05,268.56,270.75,263.41,248.04,239.11,232.06,223.36,216.41,207.4,198.3,192.56,197.82,205.28,212.87,220.05,226.62,232.53,
1981-06,267.94,267.7,260.9,246.44,239.37,233.84,224.04,217.03,208.33,201.13,194.55,198.52,205.26,212.46,219.44,225.89,231.75,
1981-07,264.07,265.66,259.98,244.56,237.77,234.52,223.28,217.04,209.1,203.81,196.74,198.64,205.01,212.02,218.81,225.16,231.01,
1981-08,264.19,264.87,258.42,242.48,235.98,232.94,222.67,216.26,209.01,203.91,196.31,199.31,205.43,212.37,219.1,225.37,231.13,
1981-09,268.15,268.08,259.91,244.11,237.51,233.38,222.12,215.03,207.48,202.36,195.37,198.56,205.05,212.12,218.98,225.37,231.24,
1981-10,269.21,269.31,262.01,246.95,239.76,236.54,223.27,215.1,206.62,199.93,192.91,197.58,204.77,212.23,219.3,225.76,231.63,
1981-11,268.56,266.53,260.21,247.24,239.97,236.3,224.12,215.06,205.73,198.09,191.94,197.21,204.67,212.18,219.26,225.74,231.62,
1981-12,265.99,263.81,257.46,244.76,238.13,234.12,224.77,214.44,204.96,196.26,190.92,197.31,204.98,212.44,219.44,225.89,231.77,
1982-01,270.09,264.24,251.59,237.72,231.63,229.06,220.99,211.83,203.25,195.27,191.5,197.32,204.73,212.15,219.12,225.53,231.37,0.15
1982-02,271.36,271.61,257.92,240.4,234.6,231.71,221.03,212.19,203.25,195.55,191.43,196.89,204.47,211.95,219.01,225.48,231.33,-0.02
1982-03,271.23,271.26,263.27,246.1,238.47,234.41,223.18,214.05,204.07,196.54,191.68,196.98,204.68,212.29,219.39,225.89,231.78,-0.02
1982-04,269.61,268.51,261.02,246.93,239.89,235.72,226.23,215.84,205.22,196.33,191.15,197.03,204.69,212.37,219.61,226.2,232.09,0.24
1982-05,267.89,264.35,258.58,246.56,240.07,236.24,229.07,218.56,206.75,196.85,192.69,197.59,205.13,212.75,219.92,226.47,232.38,0.69
1982-06,259.53,260.63,255.48,243.71,238.11,234.7,228.46,221.84,209.37,200.12,193.98,198.48,205.41,212.7,219.75,226.23,232.1,1.1
1982-07,259.51,258.98,251.77,239.78,234.67,231.91,227.2,223.4,210.95,203.18,195.55,198.52,205.03,212.12,218.99,225.36,231.2,0.88
1982-08,268.23,260.01,250.66,238.89,233.01,230.27,225.75,221.75,212.64,203.82,196.55,198.78,204.91,212.06,218.97,225.37,231.23,1.11
1982-09,268.69,265.9,253.06,239.22,233.63,230.93,225.5,221.07,213.87,203.82,195.49,198.15,204.76,211.96,218.89,225.31,231.18,1.39
1982-10,269.59,268.24,258.2,239.92,233.87,231.18,224.39,219.28,211.86,201.88,193.59,196.93,203.93,211.41,218.53,225.07,230.99,1.95
1982-11,270.09,266.94,259.36,242.3,234.58,232.16,225.26,219.5,211.33,200.91,191.96,196.88,204.52,212.1,219.25,225.79,231.7,2.16
1982-12,270.25,259.82,254.17,240.79,231.76,228.71,223.03,217.82,210.15,199.71,191.19,196.7,204.49,212.25,219.49,226.06,231.98,2.64
1983-01,269.6,255.67,250.84,239.15,231.14,227.01,221.25,216.45,208.87,198.22,191.47,197.62,205.62,213.4,220.59,227.1,232.96,2.79
1983-02,270.05,258.69,250.26,239.22,231.57,227.47,220.11,215.24,207.6,197.44,192.29,197.7,205.46,213.16,220.31,226.82,232.67,2.41
1983-03,271.26,269.12,255.24,242.1,235.22,230.02,221.14,215.76,207.62,197.71,192.54,197.99,205.77,213.56,220.78,227.29,233.13,1.81
1983-04,269.69,269.95,262.15,244.91,236.97,232.28,222.22,216.74,208.0,198.36,193.15,198.19,205.75,213.44,220.68,227.27,233.17,1.13
1983-05,266.91,268.68,261.11,246.64,237.39,232.41,223.12,217.25,208.89,200.12,193.6,198.13,205.68,213.46,220.74,227.34,233.24,1.04
1983-06,266.77,266.22,259.36,245.21,237.43,231.63,223.19,216.58,209.52,202.08,195.16,198.8,205.67,213.03,220.08,226.57,232.43,0.59
1983-07,266.23,263.2,255.88,243.44,236.32,230.58,222.8,215.68,209.7,204.22,196.3,198.95,205.63,212.76,219.7,226.14,231.99,-0.15
1983-08,266.63,262.63,252.92,241.77,235.82,230.37,222.31,215.53,209.88,204.83,197.2,199.36,205.56,212.54,219.44,225.88,231.75,-0.29
1983-09,268.76,265.47,257.28,245.1,237.6,230.73,221.62,214.55,209.1,204.25,196.75,198.59,205.07,212.25,219.18,225.6,231.47,-0.28
1983-10,269.49,268.29,260.6,247.64,241.29,234.28,222.5,214.62,208.24,202.6,194.52,197.52,204.59,212.02,219.05,225.5,231.38,-0.82
1983-11,267.37,263.92,258.32,245.7,239.81,235.81,222.11,213.89,206.58,199.69,192.04,197.15,204.56,212.02,219.05,225.47,231.32,-1.07
1983-12,266.97,260.85,255.85,242.7,236.44,233.42,220.93,213.45,205.6,198.45,191.49,196.81,204.35,211.8,218.77,225.18,231.02,-0.98
1984-01,270.1,261.95,255.91,241.99,235.66,232.61,220.36,212.94,204.6,197.97,192.38,197.01,204.23,211.48,218.37,224.73,230.54,-0.93
1984-02,270.8,265.29,255.87,241.45,235.17,231.36,219.36,211.93,203.72,197.86,192.19,197.48,204.66,211.92,218.81,225.19,231.03,-0.33
1984-03,271.42,273.38,263.56,246.68,239.59,234.38,219.86,211.36,202.5,195.93,191.03,197.01,204.63,212.15,219.21,225.69,231.57,-0.36
1984-04,270.04,272.02,265.17,248.34,240.97,237.09,223.51,214.79,204.73,197.06,192.01,197.1,204.66,212.3,219.5,226.08,232.0,-0.39
1984-05,265.65,268.62,262.66,247.32,239.24,235.99,224.36,216.02,205.5,198.14,193.5,197.61,204.73,212.29,219.47,226.03,231.93,-0.46
1984-06,265.24,267.6,260.27,244.19,236.23,233.21,224.84,216.3,206.21,200.23,195.01,198.17,204.6,211.93,218.96,225.42,231.3,-0.79
1984-07,266.79,267.72,258.67,241.34,233.45,230.47,224.9,216.56,207.28,201.7,195.4,197.82,204.09,211.24,218.14,224.57,230.44,-0.48
1984-08,264.73,267.49,258.25,240.14,233.22,230.17,225.31,216.75,207.56,201.54,194.5,198.16,204.69,211.85,218.74,225.1,230.93,-0.48
1984-09,268.14,267.84,260.09,243.26,235.39,231.38,226.03,217.16,207.19,200.81,194.44,197.15,203.93,211.23,218.18,224.59,230.45,-0.29
1984-10,268.4,269.72,262.4,244.92,236.96,232.64,225.76,218.62,205.97,198.94,192.34,197.35,204.58,211.89,218.85,225.29,231.16,-0.76
1984-11,268.28,269.04,262.09,244.07,236.4,232.41,225.25,219.63,205.03,197.22,191.47,196.61,204.0,211.49,218.58,225.08,230.98,-1.24
1984-12,266.94,257.56,252.15,238.54,233.05,229.83,223.66,218.1,204.48,194.77,190.1,196.83,204.48,211.91,218.9,225.35,231.21,-1.57
1985-01,269.52,252.78,245.98,236.03,231.63,228.55,221.64,216.11,203.77,192.56,190.05,196.58,204.25,211.74,218.79,225.26,231.15,-1.14
1985-02,271.59,262.51,247.21,237.46,233.27,230.3,222.59,216.77,205.1,193.41,191.24,197.32,204.74,212.1,219.03,225.39,231.19,-1.05
1985-03,271.19,268.64,252.16,237.09,232.7,230.31,223.17,217.59,206.73,194.19,190.03,197.18,204.99,212.46,219.43,225.83,231.66,-0.99
1985-04,265.18,268.09,260.27,241.43,234.79,232.18,224.86,218.73,208.35,196.42,190.67,196.79,204.45,212.03,219.18,225.71,231.61,-0.98
1985-05,263.61,265.9,260.41,243.66,233.08,230.29,225.58,219.98,210.21,199.06,191.74,197.57,204.96,212.43,219.54,226.08,231.99,-0.74
1985-06,265.17,261.14,256.7,242.76,230.98,227.71,223.64,219.31,210.98,202.06,193.94,198.48,205.11,212.19,219.05,225.42,231.25,-0.79
1985-07,266.23,260.0,253.57,239.6,229.66,225.86,222.0,218.27,211.59,205.23,196.02,197.84,203.96,210.9,217.73,224.11,229.99,-0.53
1985-08,266.14,264.81,254.85,239.81,230.47,226.31,221.25,217.16,211.19,205.77,196.69,198.65,204.62,211.6,218.47,224.86,230.7,-0.32
1985-09,265.26,266.18,259.59,241.08,232.43,228.02,221.49,216.66,210.57,205.05,196.27,198.13,204.47,211.58,218.52,224.97,230.85,-0.47
1985-10,266.7,266.55,261.18,246.69,235.31,230.11,222.04,216.58,209.69,202.86,193.61,197.18,204.34,211.82,218.88,225.35,231.24,-0.5
1985-11,268.37,265.29,256.9,246.41,236.57,229.9,221.14,215.69,208.32,200.04,191.58,196.74,204.25,211.75,218.79,225.25,231.11,-0.46
1985-12,267.25,259.15,251.79,242.85,235.53,229.11,219.37,214.01,207.03,197.67,190.96,196.88,204.43,211.95,218.99,225.44,231.3,-0.46
1986-01,266.94,255.27,250.19,241.17,232.58,226.64,217.59,212.55,205.6,196.88,191.55,197.49,204.99,212.39,219.35,225.74,231.57,-0.78
1986-02,268.37,262.42,252.28,242.19,233.65,228.32,218.7,213.63,206.05,197.7,191.85,197.13,204.45,211.82,218.76,225.15,230.96,-0.78
1986-03,267.4,268.47,258.42,241.51,234.62,229.52,218.79,213.57,205.65,198.37,192.88,197.28,204.42,211.85,218.94,225.49,231.42,-0.57
1986-04,267.24,266.85,260.59,245.74,237.09,232.27,220.99,214.85,206.44,197.99,191.2,197.39,205.15,212.8,219.95,226.44,232.3,-0.34
1986-05,265.49,266.59,259.26,246.94,237.95,231.32,222.07,215.47,207.35,198.37,192.63,198.07,205.34,212.74,219.79,226.27,232.12,-0.35
1986-06,263.49,263.63,255.15,242.26,235.73,230.31,222.34,215.41,207.98,200.98,194.64,198.37,205.07,212.32,219.32,225.8,231.68,0.04
1986-07,265.36,259.87,251.77,240.85,234.86,229.77,221.99,215.42,208.68,202.9,195.73,198.97,205.17,212.03,218.8,225.14,230.96,0.15
1986-08,266.01,262.0,252.77,242.52,235.68,228.44,220.07,213.78,207.76,202.36,194.75,198.39,205.09,212.32,219.23,225.6,231.41,0.33
1986-09,266.88,261.39,253.34,244.58,239.86,232.45,221.29,214.21,207.57,201.52,194.04,198.14,204.94,212.1,219.04,225.45,231.31,0.61
1986-10,267.58,263.04,254.56,244.97,240.98,235.07,221.7,214.18,206.72,199.79,193.12,197.34,204.6,212.09,219.16,225.65,231.55,0.88
1986-11,267.01,259.53,253.01,244.53,239.74,235.87,221.25,213.44,205.29,197.71,191.45,197.24,204.75,212.23,219.28,225.76,231.65,1.08
1986-12,256.6,255.1,251.46,241.49,236.52,233.65,221.56,214.04,204.91,196.34,191.18,197.31,204.97,212.55,219.61,226.06,231.93,1.13
1987-01,256.77,259.67,253.83,239.04,233.04,230.57,219.78,212.49,203.56,196.03,191.51,197.27,204.99,212.57,219.65,226.12,232.0,1.34
1987-02,266.94,265.65,258.21,244.68,237.61,233.18,219.22,211.42,201.96,194.61,191.08,197.72,205.45,212.93,219.91,226.32,232.15,1.3
1987-03,266.97,269.24,262.21,247.38,240.24,235.64,222.22,214.07,203.03,194.13,191.43,197.52,205.13,212.74,219.92,226.46,232.35,1.25
1987-04,266.78,268.01,261.3,246.71,239.49,236.58,224.29,216.39,204.7,195.76,191.89,197.98,205.63,213.29,220.51,227.09,233.0,1.02
1987-05,265.97,266.85,259.47,245.52,238.34,234.8,226.54,217.49,206.11,196.42,192.2,197.94,205.5,213.15,220.37,226.95,232.84,0.9
1987-06,263.53,261.98,255.69,242.39,235.87,233.01,227.26,219.0,207.18,197.79,193.28,198.77,206.1,213.53,220.58,227.02,232.86,1.38
1987-07,263.53,259.32,253.4,239.71,233.2,230.66,225.93,221.39,208.9,200.96,194.67,198.52,205.58,212.96,219.92,226.32,232.15,1.58
1987-08,266.41,261.05,252.74,239.34,232.56,229.77,224.77,220.15,210.9,201.55,194.96,198.57,205.5,212.81,219.77,226.21,232.1,1.76
1987-09,266.52,265.32,255.01,239.37,233.04,230.05,224.35,219.53,211.91,201.39,194.17,198.26,205.5,212.92,219.92,226.32,232.17,1.67
1987-10,266.85,267.64,259.28,240.82,233.82,230.91,224.28,218.65,210.46,200.24,192.44,197.51,205.17,212.86,220.07,226.63,232.56,1.38
1987-11,267.47,264.88,258.72,240.64,231.8,228.78,223.24,217.5,208.85,198.79,192.0,197.98,205.68,213.27,220.35,226.82,232.69,1.34
1987-12,265.6,257.18,251.95,237.55,228.81,225.67,220.72,215.03,206.08,195.74,191.28,198.04,205.85,213.44,220.55,227.02,232.89,1.03
1988-01,268.24,264.56,253.41,240.14,231.8,227.41,221.67,216.0,207.15,196.93,191.83,197.76,205.48,213.09,220.17,226.63,232.51,0.75
1988-02,267.4,268.25,254.52,239.45,231.47,226.95,219.99,214.8,206.84,197.31,191.56,198.16,205.85,213.37,220.4,226.8,232.59,0.5
1988-03,267.21,270.6,260.67,241.0,232.87,227.91,218.69,213.31,205.19,195.52,192.26,198.59,206.13,213.57,220.59,227.01,232.82,0.09
1988-04,266.97,267.58,262.09,247.32,237.12,232.15,221.71,215.62,206.78,196.93,191.81,197.99,205.66,213.3,220.45,226.97,232.84,-0.46
1988-05,264.28,265.81,259.64,246.6,238.71,232.68,222.99,216.61,208.11,198.28,192.37,198.16,205.8,213.48,220.67,227.21,233.08,-1.37
1988-06,264.02,263.09,257.2,243.58,237.6,233.35,223.37,216.89,209.47,202.01,195.42,198.98,205.58,212.67,219.57,225.99,231.86,-1.54
1988-07,262.77,258.43,251.83,239.78,234.81,231.68,221.55,215.52,209.53,204.38,197.04,199.03,205.33,212.21,219.07,225.49,231.36,-1.65
1988-08,265.73,261.7,251.53,239.74,234.31,229.58,219.07,213.23,208.05,203.54,196.44,198.98,205.21,212.23,219.14,225.54,231.39,-1.58
1988-09,264.79,264.06,255.7,243.22,237.48,231.72,219.42,212.99,207.08,202.24,195.27,198.38,205.22,212.43,219.29,225.66,231.5,-1.29
1988-10,265.36,266.17,258.93,246.24,240.43,234.25,220.19,213.42,206.7,200.63,192.98,197.34,204.67,212.2,219.31,225.79,231.65,-2.07
1988-11,265.05,265.57,258.73,246.55,240.87,236.55,221.54,214.05,205.98,197.97,191.19,197.17,204.82,212.25,219.24,225.65,231.49,-2.38
1988-12,266.01,259.79,254.1,243.77,238.27,234.5,220.91,213.8,206.04,197.92,191.02,197.06,204.48,211.86,218.83,225.21,231.03,-2.24
1989-01,265.91,260.35,253.45,242.33,235.85,231.75,220.0,213.12,206.07,198.9,191.74,196.78,204.42,211.91,218.89,225.25,231.02,-2.04
1989-02,266.3,265.94,252.1,241.42,235.45,230.24,217.56,211.31,204.97,197.9,191.19,196.87,204.41,211.82,218.69,225.01,230.76,-1.39
1989-03,266.71,268.16,261.89,248.64,241.05,234.15,220.13,212.73,204.85,197.33,190.82,196.66,204.21,211.6,218.58,224.98,230.8,-1.32
1989-04,265.69,266.72,260.91,249.5,243.3,237.05,223.2,215.54,206.54,198.17,191.54,196.78,204.52,212.17,219.34,225.88,231.75,-1.09
1989-05,266.16,265.27,258.76,246.43,240.15,236.02,223.6,216.22,207.21,198.79,192.58,197.37,204.76,212.4,219.58,226.11,231.98,-0.76
1989-06,266.26,265.17,256.53,244.13,238.05,235.6,223.59,216.83,208.15,201.3,194.28,197.8,204.74,212.01,218.99,225.45,231.32,-0.67
1989-07,265.82,262.11,255.84,243.53,237.25,234.69,224.72,217.33,208.74,202.89,195.31,198.4,205.08,212.12,218.92,225.25,231.06,-0.48
1989-08,263.36,261.35,255.75,243.73,237.35,234.24,225.67,217.05,208.83,203.01,196.06,198.8,205.22,212.13,218.92,225.26,231.06,-0.49
1989-09,263.7,260.53,254.54,243.24,236.77,232.84,226.3,216.86,208.42,202.45,195.61,198.31,205.07,212.2,219.03,225.36,231.15,-0.47
1989-10,265.62,261.73,255.46,244.89,238.16,233.5,226.64,216.36,207.06,200.1,193.1,197.51,204.74,212.19,219.24,225.69,231.54,-0.43
1989-11,265.1,258.47,254.25,245.01,238.24,233.07,226.15,215.59,205.05,196.42,190.22,196.74,204.73,212.44,219.58,226.06,231.91,-0.41
1989-12,263.41,258.05,254.47,243.15,236.02,231.08,225.19,218.28,204.52,195.59,190.57,196.75,204.69,212.36,219.45,225.88,231.69,-0.19
1990-01,265.82,256.54,253.16,241.09,232.55,228.56,223.27,218.28,204.09,195.56,191.2,197.21,204.95,212.53,219.55,225.94,231.75,-0.02
1990-02,268.65,262.61,254.6,239.14,231.28,227.96,221.91,216.89,203.27,193.77,190.32,197.01,204.81,212.38,219.43,225.86,231.65,0.23
1990-03,267.19,270.08,260.65,242.91,236.43,232.65,225.05,218.95,206.02,194.91,190.83,197.43,205.17,212.78,219.88,226.35,232.2,0.24
1990-04,264.26,267.89,262.39,244.09,236.34,233.27,226.52,220.61,208.95,195.49,190.53,197.31,205.36,213.12,220.32,226.84,232.69,0.24
1990-05,261.27,266.63,261.7,244.65,233.12,230.58,226.14,220.86,210.58,197.66,192.03,197.79,205.57,213.31,220.53,227.08,232.96,0.21
1990-06,263.13,260.93,256.52,244.27,233.57,228.35,224.99,220.5,211.84,201.76,193.63,198.24,205.44,212.91,219.98,226.43,232.28,-0.07
1990-07,262.22,260.01,253.91,242.23,232.59,226.51,223.2,219.24,212.17,204.93,195.87,198.14,204.79,211.96,218.88,225.3,231.15,0.03
1990-08,263.85,262.81,254.17,239.82,230.55,226.06,221.4,217.55,211.42,205.11,195.75,198.82,205.53,212.6,219.43,225.76,231.53,0.23
1990-09,265.09,265.12,258.78,241.44,232.51,227.63,221.6,216.96,210.45,203.92,195.6,198.47,204.98,212.22,219.18,225.58,231.41,0.03
1990-10,265.88,265.9,260.62,245.36,234.62,229.25,221.62,216.55,209.15,202.02,193.53,197.55,204.92,212.45,219.52,225.98,231.84,0.29
1990-11,265.61,265.37,260.3,248.33,237.03,230.08,221.93,216.45,208.57,200.73,192.78,197.8,205.3,212.84,219.89,226.33,232.2,0.07
1990-12,267.16,262.07,257.4,247.49,237.78,228.93,220.61,215.17,207.32,199.01,192.37,197.79,205.17,212.62,219.68,226.16,232.04,0.34
1991-01,267.55,257.71,253.06,241.58,230.82,224.94,217.38,212.66,205.38,197.04,191.58,197.5,205.24,212.83,219.9,226.37,232.2,0.44
1991-02,268.39,267.95,257.58,242.98,232.89,227.04,217.7,212.33,204.73,196.79,191.55,197.69,205.42,212.98,220.02,226.43,232.23,0.21
1991-03,267.57,271.53,264.69,242.33,233.24,228.62,219.4,214.04,205.72,197.6,192.28,197.76,205.41,213.02,220.12,226.59,232.42,0.03
1991-04,266.91,268.13,263.24,246.9,235.83,230.55,221.11,214.75,205.83,197.42,192.32,197.61,205.27,212.94,220.12,226.66,232.54,0.2
1991-05,267.12,267.12,259.73,247.07,237.89,231.16,222.46,215.62,206.48,197.92,193.13,198.22,205.76,213.38,220.58,227.13,233.01,0.5
1991-06,265.87,264.99,257.56,244.13,237.21,231.29,222.35,215.85,207.43,200.0,194.44,199.06,206.15,213.55,220.54,226.91,232.71,0.71
1991-07,263.81,258.8,251.39,240.18,235.31,230.96,222.43,217.28,209.31,203.16,196.09,199.0,205.4,212.49,219.41,225.82,231.66,0.7
1991-08,263.89,261.28,251.75,239.78,235.56,231.88,223.17,218.61,210.72,204.64,196.38,199.47,205.71,212.66,219.5,225.84,231.63,0.62
1991-09,265.72,261.69,253.84,241.96,237.11,234.26,223.83,218.73,210.79,203.83,195.22,198.9,205.62,212.8,219.66,226.01,231.82,0.35
1991-10,265.92,264.33,256.89,244.76,238.53,236.02,224.34,218.26,209.48,201.58,194.86,198.4,204.96,212.06,218.93,225.27,231.08,0.94
1991-11,265.42,262.2,256.33,245.76,239.36,235.63,225.13,217.44,207.54,198.92,191.79,197.32,204.79,212.25,219.27,225.71,231.57,1.21
1991-12,263.35,257.12,251.45,241.14,235.79,232.6,225.08,216.92,206.84,196.95,191.1,197.15,204.83,212.4,219.48,225.94,231.78,1.8
1992-01,265.12,254.47,250.33,237.83,232.2,229.7,223.49,215.4,205.7,195.85,190.87,197.41,205.09,212.56,219.54,225.92,231.73,1.84
1992-02,269.09,262.45,252.33,240.21,234.62,231.78,224.6,215.7,205.26,195.9,191.99,197.25,204.84,212.49,219.59,226.03,231.85,1.91
1992-03,267.52,268.56,256.45,241.66,236.29,233.21,225.69,216.91,206.61,197.27,191.52,197.82,205.55,213.22,220.37,226.86,232.71,1.61
1992-04,266.5,267.15,259.76,244.32,237.97,234.41,226.98,217.34,206.73,196.11,191.61,197.78,205.65,213.41,220.63,227.18,233.04,1.36
1992-05,265.56,265.25,259.05,243.55,236.69,233.66,227.62,218.94,207.61,197.37,192.24,197.96,205.54,213.2,220.4,226.95,232.81,1.14
1992-06,264.52,263.07,256.44,239.95,233.09,231.0,225.92,220.12,208.24,199.66,193.59,198.3,205.68,213.13,220.13,226.54,232.34,0.37
1992-07,264.44,259.19,251.47,235.25,230.32,228.39,223.82,220.33,209.64,203.03,196.0,198.8,205.02,211.94,218.78,225.16,231.0,0.31
1992-08,266.77,262.48,249.19,236.66,231.6,228.64,223.03,219.66,210.33,204.0,195.79,198.39,204.89,212.03,218.92,225.32,231.14,-0.18
1992-09,266.08,263.93,251.52,239.47,233.78,229.89,223.23,218.94,211.18,203.48,195.82,198.47,204.79,212.02,218.96,225.34,231.17,-0.24
1992-10,265.7,265.78,255.6,241.42,235.28,230.84,222.83,217.83,210.24,200.65,192.92,197.56,204.81,212.17,219.13,225.54,231.4,-0.35
1992-11,266.07,265.34,255.92,242.17,236.44,232.38,224.52,219.02,211.39,199.82,191.08,196.74,204.36,211.91,219.01,225.5,231.37,-0.14
1992-12,265.42,257.51,250.23,237.67,232.02,229.48,223.09,218.04,210.62,198.6,190.35,196.83,204.7,212.29,219.32,225.74,231.55,0.16
1993-01,266.73,255.27,250.9,238.78,231.0,227.51,221.94,217.17,209.57,197.83,192.31,197.96,205.14,212.38,219.26,225.63,231.45,0.12
1993-02,268.21,258.03,251.48,238.12,230.33,226.38,220.67,216.16,208.77,198.6,191.78,197.06,204.58,212.02,218.99,225.4,231.23,0.25
1993-03,267.92,268.58,257.6,242.14,233.51,228.39,221.16,215.66,207.56,198.78,192.28,197.1,204.36,211.87,218.97,225.47,231.34,0.44
1993-04,265.51,267.4,261.83,245.08,235.51,230.16,222.4,216.77,207.82,199.2,191.9,197.13,204.89,212.64,219.89,226.47,232.36,0.81
1993-05,262.32,266.02,260.43,246.39,235.89,230.4,222.28,216.92,208.11,199.43,192.91,197.77,205.38,213.06,220.24,226.77,232.62,0.97
1993-06,261.1,264.69,258.46,244.73,235.84,229.35,221.2,215.73,208.38,201.31,195.05,198.57,205.67,213.09,220.07,226.49,232.32,0.63
1993-07,264.34,260.32,253.79,242.16,235.21,229.19,220.95,214.92,209.08,203.55,196.48,198.83,205.26,212.31,219.25,225.67,231.52,0.33
1993-08,263.79,260.57,252.42,241.09,234.53,228.46,219.67,214.01,208.34,203.67,196.19,198.86,205.2,212.23,219.02,225.34,231.14,0.02
1993-09,265.62,264.0,257.05,245.67,237.88,230.96,220.12,213.7,207.54,202.73,196.09,198.16,204.7,211.81,218.68,225.07,230.93,0.2
1993-10,264.84,263.7,257.32,246.76,239.81,232.49,220.19,213.08,206.24,200.58,193.72,197.64,204.79,212.27,219.34,225.81,231.7,0.24
1993-11,264.81,262.17,256.39,246.49,241.12,234.57,220.5,212.29,204.37,197.68,192.11,197.33,204.94,212.55,219.66,226.14,232.02,0.26
1993-12,264.41,257.59,252.89,242.17,236.83,232.46,219.54,211.31,202.87,196.08,191.86,197.86,205.49,213.01,220.06,226.51,232.36,0.19
1994-01,267.1,257.41,251.24,240.92,235.27,230.46,218.28,210.44,202.15,195.83,191.55,197.42,205.04,212.55,219.56,225.98,231.8,0.03
1994-02,266.64,264.38,254.05,242.69,237.13,231.57,219.59,211.31,202.46,196.48,191.89,197.55,204.92,212.39,219.41,225.82,231.62,-0.13
1994-03,265.88,266.8,259.31,245.82,239.4,233.13,220.96,212.5,203.33,197.13,192.11,197.64,205.13,212.51,219.49,225.91,231.73,0.05
1994-04,264.95,266.01,259.85,246.99,240.66,234.48,221.97,213.52,203.14,196.64,192.32,197.48,205.05,212.68,219.85,226.4,232.29,0.12
1994-05,263.76,262.79,256.84,245.38,239.52,235.79,223.11,215.18,203.76,196.65,193.02,198.22,205.59,213.09,220.18,226.68,232.55,0.19
1994-06,260.43,258.5,253.31,242.78,237.1,233.89,223.66,216.11,205.42,198.45,194.3,198.84,205.62,212.78,219.69,226.08,231.89,0.34
1994-07,263.23,259.43,253.07,239.47,233.71,230.97,225.28,216.55,207.27,200.93,194.85,198.5,205.1,212.21,219.12,225.5,231.33,0.13
1994-08,262.73,262.04,251.71,238.36,232.58,229.42,224.75,217.07,207.41,201.28,195.49,198.89,205.17,212.21,219.02,225.36,231.18,0.53
1994-09,263.69,263.53,253.74,240.78,234.73,230.85,224.33,219.39,206.84,199.94,193.53,198.05,205.04,212.4,219.38,225.76,231.57,0.28
1994-10,264.48,265.1,257.14,243.06,236.54,232.2,224.29,219.0,205.92,197.4,192.58,197.26,204.39,211.79,218.81,225.27,231.16,0.8
1994-11,265.11,264.75,254.72,241.52,235.54,231.43,223.53,217.48,205.89,195.0,190.77,196.71,204.46,212.15,219.32,225.85,231.74,1.22
1994-12,264.47,259.04,250.77,240.21,234.21,230.74,223.76,217.75,206.92,193.72,190.39,197.48,205.33,212.97,220.08,226.54,232.39,1.3
1995-01,262.36,252.86,249.42,236.09,229.7,227.21,220.95,215.78,206.12,194.75,190.91,197.58,205.4,212.97,219.98,226.36,232.17,0.98
1995-02,265.77,259.88,253.87,240.37,231.61,227.63,220.45,214.53,205.05,195.16,191.48,197.33,204.83,212.32,219.34,225.77,231.62,0.73
1995-03,265.07,269.11,260.14,242.34,234.07,229.42,222.52,216.62,206.95,196.82,191.47,197.7,205.34,212.85,219.92,226.37,232.21,0.41
1995-04,263.88,266.99,262.36,244.47,234.34,229.42,222.27,216.7,206.82,196.46,191.02,197.69,205.59,213.32,220.54,227.09,232.97,0.15
1995-05,263.71,266.52,261.14,247.0,235.88,229.75,222.34,217.3,207.75,197.9,192.61,198.15,205.64,213.2,220.32,226.81,232.67,-0.12
1995-06,262.92,263.8,257.76,245.38,236.48,229.05,221.7,216.97,208.63,200.66,194.09,198.57,205.67,213.15,220.19,226.61,232.43,-0.06
1995-07,259.76,261.49,255.89,244.36,236.66,228.41,220.44,216.13,209.19,203.15,196.2,198.8,205.39,212.38,219.13,225.47,231.28,-0.21
1995-08,261.18,260.67,254.96,243.57,235.35,227.46,219.2,214.8,208.29,203.26,196.44,199.13,205.84,212.89,219.6,225.88,231.68,-0.49
1995-09,263.45,264.39,258.28,247.19,237.88,228.69,219.63,214.12,207.29,202.07,195.05,198.53,205.47,212.61,219.51,225.9,231.75,-0.76
1995-10,264.04,265.47,259.79,248.2,240.24,231.18,220.77,214.22,206.66,200.81,194.16,197.7,204.9,212.38,219.43,225.88,231.76,-1.02
1995-11,264.52,262.76,257.35,247.39,241.16,233.23,221.3,213.56,205.41,198.57,191.8,197.49,205.03,212.51,219.51,225.94,231.79,-0.99
1995-12,261.1,259.28,255.16,245.16,239.39,234.25,222.01,213.63,204.83,196.87,191.21,197.28,204.84,212.28,219.27,225.65,231.46,-1.0
1996-01,262.05,257.9,254.29,242.18,235.68,230.02,219.37,211.62,203.91,197.07,191.77,196.97,204.37,211.86,218.91,225.34,231.16,-0.83
1996-02,264.7,262.24,255.14,243.28,235.81,229.6,219.3,211.14,203.34,196.83,191.39,197.25,204.91,212.41,219.4,225.8,231.62,-0.87
1996-03,263.97,267.72,261.34,245.92,237.11,230.61,220.07,211.3,203.24,196.19,191.16,197.44,205.22,212.74,219.75,226.18,232.01,-0.6
1996-04,264.21,266.88,261.56,249.26,240.22,232.63,221.74,213.02,203.57,196.17,191.76,197.57,205.26,212.83,219.95,226.46,232.33,-0.42
1996-05,263.9,263.6,258.72,246.64,240.08,234.91,222.77,214.81,204.26,196.58,192.56,197.8,205.29,212.83,219.94,226.42,232.28,-0.48
1996-06,261.38,258.63,254.08,242.8,236.66,234.0,222.17,215.34,204.73,197.89,193.41,198.26,205.36,212.68,219.7,226.14,231.98,-0.33
1996-07,262.44,257.09,251.4,238.92,232.92,230.51,221.09,214.8,205.51,199.85,194.0,198.18,205.16,212.3,219.17,225.49,231.25,-0.13
1996-08,263.19,261.89,253.34,240.4,233.9,230.38,221.57,214.39,205.31,200.06,194.57,198.34,204.83,211.96,218.84,225.18,230.97,-0.26
1996-09,264.15,265.9,257.36,243.12,236.67,232.46,225.44,214.89,205.13,199.02,193.23,197.82,204.96,212.4,219.38,225.77,231.57,-0.37
1996-10,264.28,265.66,257.94,244.77,238.13,233.74,227.31,216.94,205.57,198.66,192.29,197.24,204.76,212.34,219.4,225.85,231.73,-0.45
1996-11,265.06,263.81,255.17,244.08,237.55,233.05,226.23,219.11,205.25,197.24,190.81,197.12,204.83,212.34,219.36,225.79,231.64,-0.46
1996-12,264.75,258.59,251.04,239.24,233.19,229.64,223.83,218.21,203.22,194.25,190.54,197.43,205.1,212.47,219.36,225.7,231.5,-0.55
1997-01,266.84,257.83,251.0,238.56,231.16,227.65,221.96,216.95,202.47,193.71,190.71,197.0,204.67,212.22,219.22,225.57,231.36,-0.61
1997-02,268.66,260.99,252.51,240.06,233.38,229.7,222.71,217.17,204.33,195.39,191.64,197.44,204.89,212.33,219.27,225.62,231.39,-0.36
1997-03,266.78,266.94,255.07,241.28,234.98,231.28,223.97,218.39,207.14,195.77,190.52,197.44,205.25,212.75,219.72,226.09,231.89,-0.19
1997-04,265.33,267.45,257.6,241.07,235.25,231.89,224.52,218.67,208.6,196.22,190.5,196.82,204.72,212.42,219.56,226.04,231.89,0.25
1997-05,264.48,265.69,258.68,240.3,232.61,230.26,224.36,218.64,208.85,196.82,190.6,197.14,205.11,212.85,220.02,226.5,232.33,0.75
1997-06,263.36,264.3,255.62,239.42,231.32,228.32,223.8,218.84,209.71,200.1,192.73,197.86,205.18,212.59,219.59,225.98,231.78,1.29
1997-07,263.67,258.31,250.92,237.57,230.04,226.39,221.96,217.82,210.32,203.17,194.35,198.27,205.61,212.98,219.94,226.32,232.12,1.7
1997-08,263.17,262.97,251.66,237.2,229.29,224.99,219.54,215.64,209.25,202.84,195.51,199.02,205.82,212.99,219.84,226.15,231.9,2.02
1997-09,263.29,267.88,262.11,241.41,232.65,227.66,220.47,215.28,208.08,201.61,194.73,198.37,205.39,212.76,219.77,226.17,231.98,2.21
1997-10,263.43,266.22,261.76,246.59,235.0,229.14,221.22,215.37,207.22,199.79,193.53,198.03,205.25,212.73,219.83,226.32,232.18,2.54
1997-11,262.61,265.91,259.72,247.46,236.62,228.41,220.12,213.38,204.8,196.94,192.86,198.01,205.44,212.93,219.98,226.42,232.26,2.67
1997-12,253.48,258.43,251.18,241.11,233.74,226.81,218.41,210.83,202.36,194.71,191.68,197.92,205.77,213.42,220.57,227.09,232.96,2.69
1998-01,257.14,260.82,255.21,241.7,232.87,226.51,218.14,209.71,201.73,193.36,191.13,198.49,206.5,214.19,221.33,227.8,233.63,2.53
1998-02,263.49,258.75,254.35,240.57,231.9,227.69,218.22,210.22,201.85,193.64,191.78,198.94,206.99,214.66,221.72,228.13,233.89,2.14
1998-03,265.93,267.31,260.44,244.55,235.92,231.07,220.35,211.61,202.35,194.55,191.92,198.69,206.78,214.53,221.69,228.16,233.96,1.45
1998-04,265.6,266.53,260.89,247.37,237.61,232.12,222.09,213.4,202.97,194.67,192.21,198.82,206.97,214.82,222.07,228.6,234.41,0.78
1998-05,264.33,264.11,258.46,246.35,239.67,234.14,223.23,215.15,204.05,195.02,192.43,199.1,206.97,214.71,221.88,228.35,234.18,0.62
1998-06,263.01,260.48,254.34,242.54,236.65,233.51,222.04,215.38,205.29,198.07,193.6,198.86,206.08,213.51,220.58,227.01,232.82,-0.93
1998-07,263.2,261.93,253.0,239.47,233.45,230.48,222.99,215.62,206.53,201.13,195.37,198.72,205.36,212.6,219.6,226.01,231.83,-1.28
1998-08,262.88,264.24,254.98,240.85,234.7,231.13,225.53,216.59,207.21,201.92,195.33,198.39,205.5,212.84,219.76,226.14,231.97,-1.33
1998-09,265.41,262.28,252.94,241.94,236.63,232.52,226.39,218.28,206.76,201.17,195.37,198.7,205.62,212.85,219.7,226.0,231.8,-1.11
1998-10,265.55,262.5,252.92,241.45,236.41,232.66,225.84,219.56,205.91,199.32,192.96,198.03,205.61,213.1,220.09,226.49,232.3,-1.35
1998-11,264.52,261.56,252.01,241.38,236.63,233.05,225.9,220.65,205.3,197.14,191.15,197.49,205.24,212.74,219.74,226.13,231.95,-1.47
1998-12,260.74,253.16,245.5,235.98,231.48,228.7,223.65,218.65,204.3,194.52,190.76,197.67,205.29,212.67,219.58,225.94,231.74,-1.78
1999-01,267.54,255.02,249.02,237.89,231.58,228.81,223.67,218.42,205.43,193.13,190.9,197.65,205.21,212.62,219.56,225.89,231.64,-1.67
1999-02,268.16,260.23,247.3,235.81,229.98,227.24,221.79,217.14,206.59,193.3,191.02,197.94,205.35,212.58,219.42,225.71,231.47,-1.31
1999-03,268.03,266.62,254.07,239.88,232.65,228.95,222.04,216.17,205.98,194.21,191.04,197.3,204.81,212.3,219.33,225.77,231.6,-0.97
1999-04,265.72,267.03,259.73,242.22,234.63,230.82,223.8,217.98,208.11,196.78,190.79,197.25,204.89,212.51,219.65,226.12,231.96,-0.94
1999-05,264.86,265.32,258.25,242.76,233.35,229.72,223.16,217.98,209.3,200.19,192.2,197.03,204.48,212.17,219.34,225.86,231.72,-0.88
1999-06,264.04,260.93,255.46,243.82,232.98,227.81,221.91,217.49,209.98,203.19,194.78,197.88,204.52,211.94,218.98,225.41,231.26,-1.05
1999-07,264.62,258.91,252.88,241.4,232.61,227.37,220.77,216.57,210.41,205.48,197.37,198.63,204.5,211.52,218.44,224.84,230.69,-0.87
1999-08,265.91,261.8,253.53,240.47,231.32,226.66,219.84,215.62,210.08,205.73,197.37,198.7,204.72,211.81,218.69,225.01,230.79,-1.23
1999-09,266.98,263.93,256.12,243.85,233.64,227.69,219.95,215.11,209.32,204.55,196.96,198.29,204.68,211.81,218.66,224.99,230.8,-1.01
1999-10,267.0,264.66,257.42,246.3,236.77,229.68,220.33,214.65,208.08,202.33,194.45,197.64,204.71,212.06,219.0,225.39,231.22,-1.05
1999-11,266.4,262.77,256.39,246.68,239.47,230.77,220.66,214.51,207.45,200.56,191.91,197.25,204.74,212.12,219.1,225.52,231.37,-1.53
1999-12,266.19,260.26,253.94,243.78,237.76,230.31,219.47,213.64,206.82,198.38,191.0,197.29,204.93,212.35,219.27,225.62,231.43,-1.67
2000-01,261.88,254.31,249.84,242.51,237.23,229.78,218.3,212.71,205.65,197.58,191.33,197.12,204.76,212.13,219.01,225.34,231.11,-1.92
2000-02,265.06,261.13,254.35,245.89,238.7,230.24,218.18,212.24,205.01,198.33,191.94,197.48,204.75,211.97,218.8,225.09,230.85,-1.53
2000-03,263.4,264.95,259.33,247.52,238.69,231.28,218.84,212.93,205.26,198.56,192.04,197.41,204.66,212.01,218.95,225.33,231.13,-1.14
2000-04,262.8,264.43,260.42,250.74,241.75,234.03,221.06,214.02,205.68,198.58,191.71,196.95,204.48,212.09,219.29,225.85,231.76,-0.77
2000-05,260.28,262.73,258.99,250.08,242.62,234.2,222.02,214.44,206.73,199.81,192.79,197.38,204.74,212.37,219.57,226.13,232.02,-0.73
2000-06,259.15,260.94,255.88,247.75,242.17,234.76,221.93,214.35,207.43,201.7,194.84,198.02,204.81,212.03,219.01,225.45,231.3,-0.62
2000-07,257.94,260.27,255.96,245.08,240.1,234.71,221.64,214.3,207.74,203.12,195.41,198.18,204.58,211.66,218.54,224.93,230.78,-0.5
2000-08,258.71,259.35,253.65,241.72,236.56,231.95,220.62,213.38,207.18,202.75,195.0,198.2,204.89,211.92,218.76,225.13,230.97,-0.37
2000-09,262.43,261.69,256.14,245.83,240.06,233.66,220.31,212.31,205.93,200.87,194.78,197.96,204.78,211.93,218.76,225.12,230.96,-0.51
2000-10,262.65,262.27,256.62,246.78,241.4,235.35,219.25,211.0,203.65,197.89,191.83,196.85,204.57,212.16,219.23,225.7,231.57,-0.73
2000-11,260.6,261.73,257.26,246.53,240.23,235.82,219.82,211.06,202.4,194.49,190.03,196.77,204.76,212.43,219.53,226.0,231.86,-0.87
2000-12,256.35,255.47,251.33,240.37,235.68,232.27,218.95,210.87,202.15,192.86,190.31,197.58,205.32,212.77,219.67,225.98,231.75,-0.98
2001-01,265.69,258.54,249.84,240.73,235.91,232.37,220.07,211.68,203.05,195.22,190.59,197.23,204.77,212.05,218.9,225.24,231.03,-0.83
2001-02,266.47,263.27,250.89,241.45,236.25,232.01,217.58,209.52,201.93,192.45,190.8,198.1,205.63,212.78,219.55,225.88,231.69,-0.61
2001-03,265.16,267.56,260.17,247.46,241.04,236.46,221.57,212.41,203.19,193.56,190.38,197.26,204.82,212.3,219.35,225.79,231.62,-0.38
2001-04,263.3,265.67,260.47,248.06,241.08,236.6,224.31,214.56,204.61,195.97,190.51,196.88,204.79,212.59,219.86,226.47,232.38,-0.26
2001-05,260.45,262.74,258.46,247.35,239.83,235.12,225.63,215.15,205.08,196.99,191.64,197.6,205.19,212.8,219.95,226.47,232.34,-0.25
2001-06,257.76,259.91,255.42,246.61,237.92,232.83,225.69,215.03,205.4,199.25,193.59,197.95,204.88,212.09,219.06,225.49,231.35,0.03
2001-07,259.29,259.18,253.56,245.55,238.39,232.21,225.84,216.77,206.77,201.08,194.5,198.2,204.87,211.99,218.89,225.25,231.06,0.1
2001-08,260.77,259.3,253.55,243.79,236.6,231.04,225.31,218.24,207.39,201.9,193.96,198.38,205.49,212.73,219.6,225.95,231.75,0.05
2001-09,263.81,262.75,254.39,241.98,234.76,229.98,223.87,219.0,206.87,200.84,194.12,197.81,204.72,212.05,218.99,225.36,231.15,-0.17
2001-10,263.74,264.77,258.34,244.33,237.27,232.34,224.49,219.35,205.73,198.51,191.27,197.11,205.02,212.62,219.66,226.11,231.96,-0.1
2001-11,262.1,263.18,257.38,244.31,237.66,233.0,225.25,219.93,205.59,196.69,190.43,197.06,205.01,212.61,219.67,226.14,232.02,-0.2
2001-12,258.08,258.29,249.92,236.61,231.16,228.0,222.44,217.79,205.02,193.54,189.64,197.27,205.32,212.85,219.82,226.21,232.04,-0.4
2002-01,263.44,254.61,248.18,236.78,231.44,227.62,221.2,216.24,204.67,192.2,190.44,197.18,205.07,212.61,219.59,225.95,231.75,-0.07
2002-02,266.94,258.58,249.24,237.91,232.11,228.22,221.55,216.47,206.41,193.44,190.34,197.68,205.52,212.94,219.88,226.25,232.05,0.23
2002-03,267.01,267.52,255.29,240.77,234.05,230.09,222.35,216.8,206.87,194.93,190.05,197.33,205.26,212.9,220.0,226.46,232.31,0.1
2002-04,264.86,267.57,259.45,242.64,235.19,230.34,223.02,217.42,207.28,196.91,191.2,197.43,205.18,212.89,220.09,226.64,232.52,0.16
2002-05,262.15,265.04,259.58,243.43,233.89,229.21,222.34,217.18,207.7,197.51,192.24,198.29,205.86,213.44,220.53,226.99,232.84,0.3
2002-06,258.82,258.24,252.77,240.46,232.04,227.07,220.19,215.78,208.11,200.87,193.72,198.56,205.66,212.88,219.79,226.23,232.08,0.78
2002-07,263.52,258.42,251.39,238.52,230.95,226.14,218.79,214.69,208.5,201.99,193.96,198.48,205.63,212.88,219.76,226.09,231.85,0.76
2002-08,263.76,265.12,253.77,237.85,231.83,226.46,218.14,213.87,208.01,202.63,193.96,198.11,205.29,212.51,219.44,225.83,231.64,0.97
2002-09,264.25,266.8,259.93,240.69,232.91,227.22,217.98,212.95,206.67,200.65,193.34,197.68,205.04,212.44,219.38,225.74,231.54,1.11
2002-10,265.07,267.11,261.62,248.5,237.75,230.27,219.1,212.8,205.27,198.15,192.18,197.36,204.85,212.45,219.55,226.02,231.89,1.36
2002-11,263.05,265.46,259.18,248.95,240.9,231.56,220.36,213.17,204.9,196.81,191.67,197.46,205.26,212.88,219.98,226.46,232.31,1.62
2002-12,260.38,256.94,251.19,242.88,236.57,228.31,219.03,212.21,204.2,194.63,190.92,197.74,205.58,213.19,220.25,226.69,232.52,1.52
2003-01,264.29,255.19,250.19,241.39,233.01,226.74,217.41,210.54,203.04,194.15,191.2,198.17,205.9,213.35,220.3,226.64,232.41,1.19
2003-02,267.86,265.85,256.44,243.9,235.02,230.01,218.04,210.89,202.91,194.76,191.22,197.5,205.32,212.99,220.12,226.6,232.45,0.77
2003-03,266.04,266.61,260.85,246.6,237.43,232.11,219.65,212.02,203.83,195.64,191.52,197.64,205.29,212.9,220.03,226.53,232.41,0.59
2003-04,264.85,264.94,258.9,249.12,241.47,234.0,221.36,213.31,204.54,195.67,190.92,197.44,205.38,213.12,220.34,226.9,232.78,0.03
2003-05,263.01,262.24,256.7,247.29,242.28,236.87,223.1,215.14,206.04,197.37,191.57,197.98,205.76,213.33,220.44,226.92,232.77,-0.48
2003-06,261.31,259.04,253.16,244.49,239.55,236.0,223.3,215.85,206.81,200.05,194.22,198.34,205.1,212.42,219.41,225.83,231.65,-0.17
2003-07,259.94,259.3,252.05,241.37,236.7,233.2,224.25,215.69,206.8,202.13,194.9,198.17,205.08,212.36,219.3,225.69,231.5,0.21
2003-08,262.83,259.85,251.05,239.55,234.7,231.26,225.36,215.79,206.89,202.15,194.98,198.66,205.47,212.57,219.4,225.72,231.49,0.03
2003-09,264.64,262.18,252.83,241.28,235.6,231.38,225.37,215.32,205.94,200.9,194.51,198.13,205.1,212.32,219.23,225.62,231.43,0.24
2003-10,264.54,263.46,253.39,241.8,235.94,231.43,224.36,213.81,203.71,197.65,192.14,197.64,205.25,212.73,219.75,226.16,231.99,0.5
2003-11,263.43,261.7,253.37,242.79,237.34,232.89,225.15,215.83,202.52,194.87,191.24,197.29,205.04,212.7,219.84,226.35,232.22,0.4
2003-12,257.23,253.26,245.18,236.56,232.39,229.25,223.4,217.43,202.13,193.23,190.76,197.84,205.6,213.03,220.02,226.45,232.28,0.32
2004-01,259.44,255.35,248.57,238.31,232.56,228.57,222.08,216.4,200.68,190.33,190.14,197.66,205.59,213.12,220.12,226.52,232.31,0.17
2004-02,267.68,258.96,249.66,238.94,232.81,228.97,222.74,216.71,201.97,191.21,191.1,198.04,205.6,213.01,219.98,226.37,232.18,0.14
2004-03,266.33,266.2,255.01,241.3,235.3,231.05,223.45,217.43,204.76,193.11,190.32,197.58,205.66,213.29,220.32,226.73,232.54,-0.12
2004-04,263.61,265.66,258.38,242.75,236.6,232.6,224.6,218.24,207.5,194.73,190.43,197.51,205.45,213.12,220.28,226.8,232.66,0.06
2004-05,262.47,262.41,256.96,241.89,234.78,231.12,224.52,218.46,208.27,196.6,191.5,198.05,205.75,213.24,220.27,226.72,232.56,0.21
2004-06,262.31,258.56,253.86,242.51,233.42,228.84,223.37,218.16,209.67,201.45,192.77,197.91,205.27,212.57,219.48,225.86,231.69,0.11
2004-07,262.0,258.35,252.39,240.34,231.2,226.8,221.43,216.85,210.47,204.17,195.13,197.9,204.63,211.81,218.72,225.1,230.92,0.47
2004-08,262.78,260.47,251.44,236.68,230.07,225.96,219.58,215.04,209.55,203.69,194.33,198.49,205.63,212.82,219.59,225.85,231.59,0.72
2004-09,264.13,266.43,259.0,240.3,233.03,227.98,219.12,214.24,208.83,202.55,195.23,198.19,204.96,212.17,219.03,225.41,231.25,0.75
2004-10,263.62,264.86,259.41,244.86,235.63,230.04,218.87,213.27,206.79,199.64,192.56,197.65,205.17,212.63,219.61,226.01,231.85,0.69
2004-11,260.61,262.9,257.57,247.22,238.65,232.26,220.78,213.82,206.13,197.54,191.35,197.26,205.12,212.74,219.85,226.34,232.21,0.66
2004-12,257.63,259.28,253.3,244.19,237.4,231.46,220.18,213.3,205.43,196.24,191.23,197.56,205.31,212.83,219.86,226.3,232.14,0.74
2005-01,258.79,256.97,250.85,241.33,234.68,229.04,218.51,212.37,204.95,195.68,191.35,197.94,205.66,213.19,220.19,226.57,232.36,0.53
2005-02,263.23,259.6,253.45,242.83,235.39,229.47,218.0,211.85,204.32,194.95,190.56,197.77,205.9,213.58,220.65,227.07,232.85,0.24
2005-03,265.79,266.05,259.0,245.67,236.69,230.97,218.06,211.12,202.91,194.55,191.88,198.06,205.85,213.42,220.48,226.93,232.74,0.33
2005-04,264.57,265.74,259.96,249.49,240.24,232.84,220.78,212.55,203.6,195.71,191.39,198.2,206.08,213.7,220.82,227.32,233.18,0.29
2005-05,262.53,263.25,257.78,247.38,241.26,233.1,221.77,214.09,204.65,195.94,192.08,198.13,205.74,213.32,220.44,226.93,232.79,0.35
2005-06,262.3,261.02,254.45,243.87,238.81,233.29,221.12,214.37,204.76,197.96,193.36,198.53,205.78,213.17,220.14,226.52,232.33,0.4
2005-07,262.01,258.36,249.62,239.69,235.27,232.08,220.49,214.38,205.47,200.61,195.07,198.64,205.36,212.41,219.35,225.75,231.57,0.25
2005-08,262.95,261.93,251.95,240.41,235.42,232.0,220.06,213.98,205.25,200.53,195.01,198.61,205.5,212.6,219.46,225.79,231.56,0.06
2005-09,263.91,261.52,252.84,242.31,237.32,233.49,220.64,213.9,204.85,199.49,193.62,198.31,205.73,213.08,219.9,226.15,231.88,-0.09
2005-10,265.65,263.45,254.35,243.66,238.43,233.89,222.53,213.26,203.78,197.74,192.64,197.4,204.92,212.46,219.51,225.93,231.75,0.06
2005-11,265.33,259.11,252.33,243.62,238.36,233.61,225.33,213.69,202.57,194.78,190.58,197.28,205.13,212.72,219.79,226.24,232.1,-0.31
2005-12,264.39,251.27,245.83,238.0,233.92,230.25,224.12,214.69,201.61,193.0,190.67,197.72,205.47,212.89,219.79,226.12,231.88,-0.68
2006-01,263.03,251.42,246.06,236.57,232.19,228.48,221.89,214.64,200.78,192.62,190.09,197.31,205.3,212.87,219.82,226.16,231.92,-0.93
2006-02,266.74,262.49,252.47,241.33,236.19,232.15,223.98,216.73,200.87,191.32,190.3,197.67,205.54,213.06,220.06,226.45,232.22,-0.64
2006-03,264.68,267.41,258.68,242.99,237.11,233.09,225.49,218.86,203.25,193.74,190.67,197.36,205.07,212.6,219.67,226.12,231.94,-0.65
2006-04,263.58,265.75,258.84,244.27,237.37,233.04,225.46,219.38,206.29,195.2,190.42,197.24,205.08,212.73,219.88,226.39,232.26,-0.19
2006-05,262.81,260.38,255.27,244.93,236.62,232.14,225.23,219.51,209.28,196.23,191.2,197.54,205.18,212.78,219.91,226.41,232.26,0.06
2006-06,260.29,255.61,250.45,243.11,235.44,229.4,224.09,219.21,210.64,199.53,193.2,198.21,205.37,212.67,219.69,226.15,232.0,0.2
2006-07,259.16,256.46,250.75,241.96,234.22,228.12,222.97,218.59,211.48,203.44,194.36,198.6,205.56,212.9,219.82,226.17,231.94,0.13
2006-08,262.25,258.9,252.17,240.96,232.06,227.12,221.32,216.99,210.82,204.33,195.4,198.74,205.48,212.57,219.48,225.86,231.67,0.4
2006-09,264.71,263.87,256.94,243.33,234.09,228.67,220.99,216.13,209.9,203.42,195.62,198.59,205.28,212.46,219.36,225.73,231.55,0.62
2006-10,263.88,263.44,257.05,245.21,235.18,228.98,219.83,214.58,207.91,200.92,193.46,198.18,205.51,212.92,219.95,226.42,232.29,0.78
2006-11,263.82,262.79,256.77,246.95,237.66,230.82,220.47,214.63,206.66,199.05,193.08,197.8,205.17,212.62,219.69,226.2,232.1,1.08
2006-12,259.83,257.54,251.2,242.89,234.68,227.99,217.98,212.51,204.65,197.27,191.92,197.91,205.64,213.17,220.21,226.69,232.58,1.19
2007-01,260.86,255.61,249.58,240.97,233.49,228.11,217.42,211.77,204.13,195.64,191.67,198.78,206.47,213.91,220.83,227.17,232.95,0.69
2007-02,267.43,259.05,251.65,240.03,233.49,228.77,217.1,211.63,203.8,195.33,192.49,198.53,205.74,213.08,220.01,226.38,232.15,0.09
2007-03,267.04,266.47,258.83,244.27,236.96,231.5,218.84,212.26,203.88,196.71,192.33,198.2,205.53,212.96,220.0,226.47,232.31,-0.04
2007-04,265.36,265.2,259.2,248.48,239.65,233.28,221.72,213.67,204.85,197.16,191.76,197.85,205.58,213.19,220.31,226.82,232.69,0.0
2007-05,263.21,263.93,256.51,247.22,241.67,234.03,222.75,214.6,205.21,197.71,192.89,198.3,205.81,213.37,220.47,226.98,232.85,-0.28
2007-06,260.39,260.68,253.94,244.2,239.87,235.24,222.2,215.12,205.03,199.16,194.59,199.36,206.0,213.14,220.05,226.45,232.27,-0.1
2007-07,263.45,256.55,247.08,238.31,234.59,231.96,220.56,214.17,205.24,200.37,194.63,198.95,205.59,212.66,219.49,225.83,231.62,-0.43
2007-08,264.5,260.82,249.38,239.16,234.53,231.19,221.19,214.27,205.65,201.17,195.84,199.06,205.49,212.37,219.18,225.5,231.31,-0.62
2007-09,263.98,262.13,251.74,240.9,235.94,232.2,222.33,213.93,205.08,200.36,194.68,198.21,205.16,212.4,219.34,225.74,231.58,-0.95
2007-10,264.78,263.66,253.51,241.95,236.67,232.84,223.4,213.24,203.74,198.32,192.68,197.44,204.82,212.28,219.29,225.71,231.57,-1.47
2007-11,264.95,262.93,253.57,243.11,238.2,234.27,226.84,215.51,203.89,196.83,191.21,197.58,205.2,212.62,219.59,225.99,231.83,-1.59
2007-12,265.58,259.05,250.29,239.82,234.71,231.23,225.51,217.48,203.82,195.48,191.12,197.61,205.15,212.49,219.37,225.73,231.52,-1.6
2008-01,266.24,255.27,245.03,235.9,231.21,227.71,222.5,217.14,203.02,194.65,190.58,197.7,205.27,212.66,219.55,225.88,231.66,-1.86
2008-02,267.91,256.92,246.59,237.09,232.16,228.41,221.75,216.95,202.81,194.56,190.98,197.57,205.11,212.41,219.27,225.57,231.3,-1.89
2008-03,266.96,263.86,251.88,240.76,235.68,231.59,223.57,217.77,204.04,195.54,190.78,196.92,204.49,211.88,218.85,225.25,231.04,-1.15
2008-04,264.92,265.81,256.09,242.58,237.1,232.89,225.14,219.1,206.74,195.67,190.2,197.0,204.82,212.37,219.43,225.89,231.75,-0.95
2008-05,264.03,263.7,255.79,240.76,235.28,231.7,224.86,219.24,209.6,196.82,190.91,197.22,204.88,212.41,219.45,225.91,231.76,-0.67
2008-06,264.92,261.78,253.63,239.74,233.64,230.13,224.0,218.9,210.35,200.68,193.35,197.44,204.55,212.08,219.17,225.66,231.53,-0.48
2008-07,263.9,259.7,252.88,240.04,233.2,229.22,223.05,218.48,210.99,203.97,196.32,198.23,204.53,211.71,218.66,225.09,230.97,-0.03
2008-08,264.07,261.81,254.38,240.91,233.55,227.99,221.37,217.21,210.9,204.48,196.93,198.73,205.11,212.06,218.86,225.2,231.01,0.03
2008-09,264.89,263.03,255.99,241.99,234.28,228.08,220.35,215.9,209.76,203.45,196.41,198.52,205.31,212.51,219.35,225.67,231.46,-0.28
2008-10,265.66,264.47,257.64,243.76,235.04,228.55,219.0,213.87,207.58,200.59,194.86,198.38,205.27,212.57,219.53,225.94,231.8,-0.36
2008-11,267.28,262.23,256.63,247.15,237.71,230.79,219.59,213.91,206.85,198.63,191.71,197.81,205.32,212.79,219.83,226.29,232.15,-0.35
2008-12,266.78,257.15,251.5,243.96,236.04,229.2,218.74,213.63,206.61,196.73,191.01,197.75,205.26,212.66,219.58,225.93,231.72,-0.83
2009-01,266.82,253.57,248.01,238.56,231.75,226.48,216.72,212.3,205.69,197.11,191.23,197.62,205.17,212.56,219.45,225.79,231.57,-1.03
2009-02,270.15,264.39,254.55,241.89,234.22,227.75,215.39,210.57,203.39,195.08,191.16,197.65,205.16,212.55,219.48,225.87,231.68,-0.68
2009-03,267.02,268.82,262.19,246.62,238.5,232.26,219.93,214.12,205.63,196.35,190.92,197.65,205.16,212.57,219.57,225.98,231.78,-0.55
2009-04,265.64,265.49,259.44,249.36,239.75,232.88,220.94,215.04,206.44,197.79,191.95,198.02,205.6,213.08,220.11,226.57,232.42,-0.27
2009-05,262.82,261.08,255.85,247.48,240.95,232.32,220.95,214.6,206.8,198.85,192.5,198.07,205.49,213.0,220.12,226.64,232.53,0.18
2009-06,260.78,258.04,252.64,244.57,239.89,233.6,221.18,213.96,206.94,200.26,193.67,198.26,205.35,212.65,219.62,226.05,231.9,0.47
2009-07,259.64,256.7,251.03,242.55,238.4,234.22,221.33,213.92,207.68,202.66,195.5,199.06,205.84,213.02,219.88,226.22,232.01,0.72
2009-08,261.59,258.9,252.43,242.21,236.62,232.43,220.89,213.56,207.87,203.3,195.94,199.17,205.88,213.03,219.89,226.26,232.09,0.71
2009-09,263.36,260.55,253.93,243.42,237.67,232.84,219.45,212.53,206.87,201.84,194.77,198.89,206.05,213.35,220.21,226.55,232.35,0.75
2009-10,265.45,262.24,254.91,245.27,240.2,234.89,219.13,211.62,205.14,199.14,193.56,198.16,205.32,212.83,219.91,226.39,232.26,0.94
2009-11,264.54,258.61,252.56,244.18,239.53,235.15,220.55,212.29,203.77,196.47,192.06,198.16,205.84,213.35,220.38,226.82,232.67,1.54
2009-12,263.87,254.05,248.44,239.83,235.26,231.87,218.64,210.71,201.61,194.7,191.35,198.29,205.82,213.19,220.18,226.61,232.48,1.72
2010-01,260.31,253.36,246.59,238.18,234.41,231.25,218.96,211.17,201.46,195.01,192.19,198.84,206.35,213.67,220.58,226.96,232.77,1.5
2010-02,268.98,263.17,252.31,241.07,236.7,232.0,217.68,209.05,199.31,193.13,191.21,198.65,206.52,214.11,221.17,227.61,233.41,1.22
2010-03,267.48,266.95,259.36,246.25,239.98,234.69,220.93,211.84,200.38,194.33,192.27,198.66,206.39,213.99,221.1,227.59,233.43,1.08
2010-04,265.22,264.46,257.54,247.44,241.71,236.54,222.88,214.5,202.37,194.86,191.73,198.33,206.35,214.18,221.41,227.96,233.8,0.59
2010-05,262.37,261.86,255.37,245.63,240.43,236.37,223.99,215.9,204.41,194.81,192.63,199.3,207.04,214.68,221.83,228.33,234.16,-0.17
2010-06,259.16,257.32,251.58,242.44,237.55,233.52,226.26,217.14,206.65,197.9,194.32,199.37,206.26,213.53,220.47,226.86,232.67,-0.65
2010-07,258.47,252.88,245.69,236.22,232.2,229.3,224.44,219.2,207.86,200.72,194.37,198.63,205.65,212.77,219.63,226.0,231.84,-1.13
2010-08,266.96,257.14,246.71,236.87,232.15,228.69,222.96,218.07,209.89,200.91,194.02,198.41,205.51,212.83,219.69,226.04,231.84,-1.32
2010-09,266.5,261.94,249.58,239.2,234.29,230.56,223.58,218.16,211.25,201.46,194.34,198.49,205.51,212.63,219.49,225.83,231.61,-1.65
2010-10,265.0,263.41,250.71,239.55,234.85,231.06,223.28,217.61,210.03,201.62,192.6,198.01,205.36,212.69,219.62,226.01,231.83,-1.68
2010-11,264.44,263.05,251.98,238.65,233.93,230.61,223.28,217.66,209.28,201.11,191.9,197.7,205.21,212.6,219.56,225.95,231.77,-1.58
2010-12,262.5,260.1,249.4,235.48,230.45,227.33,220.39,215.6,207.72,199.47,192.32,198.29,205.43,212.51,219.24,225.51,231.29,-1.62
2011-01,268.06,255.49,243.29,234.0,229.78,225.56,218.2,213.87,206.65,199.04,192.43,197.74,204.94,212.23,219.12,225.46,231.24,-1.64
2011-02,269.97,263.0,248.0,238.53,233.14,227.12,218.34,213.67,206.49,199.6,192.88,197.54,204.87,212.21,219.13,225.5,231.31,-1.27
2011-03,267.14,267.53,256.86,243.58,237.13,230.71,219.91,214.6,206.88,199.64,193.16,197.89,205.11,212.37,219.28,225.67,231.49,-0.98
2011-04,264.97,264.77,258.69,246.21,238.21,231.51,219.54,214.17,206.56,198.66,191.23,197.58,205.2,212.67,219.7,226.17,232.01,-0.76
2011-05,262.92,262.36,256.44,247.41,240.52,232.8,220.48,214.91,207.05,197.64,191.48,197.82,205.56,213.16,220.28,226.76,232.6,-0.43
2011-06,261.59,259.55,253.39,244.98,240.13,233.34,220.56,215.0,207.95,200.43,194.1,198.62,205.85,213.14,220.03,226.37,232.14,-0.18
2011-07,262.02,259.17,251.87,241.56,236.81,232.0,219.32,213.88,208.24,202.59,195.57,198.85,205.48,212.52,219.35,225.7,231.53,-0.26
2011-08,262.87,260.36,251.4,240.51,235.88,231.25,219.15,213.69,208.37,203.25,196.27,198.89,205.47,212.55,219.4,225.75,231.55,-0.64
2011-09,263.52,263.0,255.16,244.77,239.36,233.31,220.23,213.99,208.18,203.05,196.15,198.81,205.39,212.5,219.37,225.73,231.53,-0.74
2011-10,263.24,262.63,255.44,245.25,240.03,233.98,219.7,212.88,206.64,200.65,193.95,197.81,204.97,212.42,219.4,225.77,231.59,-0.97
2011-11,262.49,261.68,255.18,245.87,240.7,235.35,220.72,212.74,205.47,198.75,192.33,197.49,204.99,212.49,219.57,226.04,231.91,-1.05
2011-12,258.14,257.14,251.06,242.95,237.94,233.75,220.64,212.78,204.74,196.97,191.76,198.3,205.76,213.06,219.91,226.22,231.99,-1.04
2012-01,259.86,257.14,248.73,237.29,233.23,229.72,217.13,210.15,202.97,194.42,191.18,197.6,205.13,212.59,219.51,225.8,231.54,-1.08
2012-02,267.27,264.93,253.88,241.53,237.2,232.66,219.31,211.16,202.89,194.32,191.45,197.78,205.1,212.34,219.22,225.55,231.32,-0.69
2012-03,262.85,263.81,256.17,243.93,238.88,233.33,220.77,212.69,204.1,195.45,191.29,197.75,205.14,212.6,219.6,226.0,231.8,-0.58
2012-04,262.18,262.41,255.99,246.04,241.12,236.28,222.42,214.0,204.94,195.81,190.79,197.46,205.05,212.59,219.69,226.18,232.03,-0.39
2012-05,261.24,260.2,254.53,245.37,240.24,236.4,223.57,215.57,205.76,197.84,191.85,197.38,205.05,212.68,219.83,226.35,232.22,-0.05
2012-06,258.44,256.99,251.42,243.15,238.41,234.45,225.0,216.29,206.38,200.29,194.16,198.57,205.63,212.8,219.57,225.84,231.58,0.31
2012-07,258.02,253.61,245.5,237.44,233.49,230.07,225.08,215.61,206.53,201.98,194.36,198.19,205.2,212.4,219.32,225.72,231.54,0.53
2012-08,265.89,256.68,248.22,238.5,233.23,229.38,224.81,215.14,206.36,201.86,195.0,198.73,205.35,212.42,219.28,225.6,231.36,0.73
2012-09,264.08,258.2,250.24,239.61,234.02,230.36,225.25,215.43,205.92,200.94,193.78,198.24,205.37,212.63,219.55,225.93,231.74,0.51
2012-10,265.63,263.11,254.33,241.91,235.85,231.41,224.64,213.69,203.54,197.79,191.69,197.38,205.04,212.62,219.71,226.18,232.05,0.29
2012-11,263.58,262.54,254.77,242.67,237.55,233.59,226.55,216.64,202.63,194.82,190.71,197.64,205.5,213.07,220.12,226.54,232.38,0.36
2012-12,260.82,259.95,251.79,240.03,234.83,230.95,225.28,218.42,201.9,193.87,191.07,197.85,205.59,213.05,220.05,226.47,232.32,-0.11
2013-01,264.15,254.21,243.74,233.02,228.17,225.39,221.3,216.66,199.73,191.53,190.68,198.33,206.14,213.62,220.54,226.86,232.64,-0.41
2013-02,270.53,265.63,250.89,239.26,233.75,229.7,223.27,217.94,200.63,192.78,191.16,198.09,205.86,213.32,220.28,226.64,232.41,-0.4
2013-03,267.02,267.4,255.16,240.41,234.6,230.36,223.66,218.41,203.14,193.88,190.85,198.05,205.85,213.43,220.47,226.91,232.74,-0.22
2013-04,264.0,264.81,257.55,242.2,236.61,232.18,224.45,218.53,205.78,194.38,190.82,197.88,205.78,213.43,220.54,227.01,232.84,-0.1
2013-05,260.69,261.22,254.88,240.61,235.41,231.69,224.69,218.9,208.89,196.1,191.43,197.88,205.72,213.38,220.47,226.93,232.75,-0.27
2013-06,256.72,256.74,251.15,238.2,233.01,230.02,224.29,219.21,210.99,200.68,192.56,198.37,205.81,213.14,220.03,226.39,232.19,-0.21
2013-07,258.71,256.19,249.05,234.87,230.25,227.37,222.67,218.43,211.59,204.71,194.6,198.09,204.96,212.25,219.17,225.55,231.37,-0.31
2013-08,265.09,259.63,249.35,235.06,229.88,226.34,220.96,216.89,211.07,205.06,195.2,198.54,205.27,212.27,219.14,225.54,231.38,-0.28
2013-09,266.12,264.85,252.84,237.47,231.03,226.91,220.05,215.48,209.53,203.31,194.75,198.43,205.35,212.63,219.52,225.86,231.68,-0.07
2013-10,265.48,265.15,257.2,240.46,233.06,228.02,219.71,214.54,207.94,201.2,192.83,197.62,205.01,212.48,219.49,225.92,231.78,-0.33
2013-11,263.28,262.96,257.46,244.44,235.69,229.72,220.88,215.13,207.24,199.3,191.83,197.29,204.98,212.55,219.63,226.1,231.98,0.01
2013-12,259.95,259.3,252.87,242.85,234.64,228.55,219.78,214.6,206.67,198.44,191.4,197.82,205.61,213.11,220.05,226.39,232.17,-0.04
2014-01,264.4,257.46,250.48,236.74,230.37,225.02,216.8,212.37,205.49,198.04,191.98,198.13,205.53,212.8,219.68,226.02,231.79,-0.51
2014-02,269.47,263.28,250.73,237.77,232.57,227.01,217.14,212.33,205.37,198.02,191.86,197.54,205.12,212.62,219.61,226.02,231.86,-0.55
2014-03,268.55,268.43,256.94,241.01,235.24,229.47,218.43,213.12,205.55,197.97,191.92,197.8,205.36,212.89,219.94,226.4,232.2,-0.22
2014-04,266.05,265.68,259.5,245.77,237.81,232.08,219.9,213.77,205.52,197.21,191.8,198.12,205.7,213.27,220.39,226.9,232.78,0.24
2014-05,262.93,262.61,256.28,246.68,238.73,231.86,221.65,214.17,206.22,197.89,192.62,198.17,205.77,213.43,220.59,227.12,232.99,0.46
2014-06,261.69,260.36,252.97,244.43,239.42,231.82,222.31,214.78,206.92,200.23,194.22,198.94,206.2,213.67,220.68,227.11,232.94,0.46
2014-07,261.13,255.93,246.74,238.56,235.02,229.52,221.31,214.67,207.47,202.49,194.64,199.02,206.14,213.3,220.12,226.45,232.24,0.18
2014-08,263.91,261.14,250.39,240.53,235.76,229.16,220.69,213.71,207.19,202.85,196.36,199.0,205.29,212.36,219.26,225.63,231.45,0.2
2014-09,262.9,261.44,252.3,242.88,238.0,230.24,220.44,212.84,206.18,201.6,195.25,198.55,205.38,212.64,219.54,225.91,231.74,0.45
2014-10,265.55,262.9,254.17,244.6,240.54,233.81,220.34,212.23,204.64,199.21,192.76,197.69,205.2,212.74,219.8,226.26,232.13,0.49
2014-11,263.33,259.19,251.77,243.23,239.04,235.76,221.41,213.06,203.25,196.68,191.78,197.76,205.45,212.99,220.04,226.49,232.34,0.85
2014-12,261.67,253.82,247.52,239.34,235.26,232.13,221.4,213.08,202.31,194.98,191.02,198.12,205.9,213.34,220.27,226.65,232.47,0.78
2015-01,262.99,255.8,246.72,236.48,232.65,229.99,220.01,211.66,201.27,193.71,191.55,198.68,206.04,213.22,220.0,226.26,232.01,0.53
2015-02,269.52,263.34,249.98,239.68,235.1,231.78,223.15,213.22,202.23,194.81,191.06,197.72,205.32,212.73,219.62,225.95,231.74,0.56
2015-03,267.62,265.51,256.57,243.56,237.9,233.55,225.52,214.54,203.08,195.1,191.8,197.96,205.56,213.05,220.06,226.49,232.32,0.58
2015-04,265.86,264.12,256.66,243.78,238.08,233.72,225.88,215.39,203.45,194.74,191.11,197.43,205.28,212.97,220.16,226.69,232.56,0.78
2015-05,263.33,260.79,255.09,244.1,237.43,233.47,226.52,219.61,205.25,195.8,191.48,198.19,205.94,213.56,220.71,227.22,233.08,1.03
2015-06,259.54,258.07,252.49,242.42,234.3,230.33,224.81,219.53,207.78,198.27,192.65,198.63,206.19,213.61,220.6,227.03,232.85,1.32
2015-07,264.05,256.28,249.86,239.7,232.75,228.93,223.92,219.36,211.25,200.48,194.17,199.04,206.16,213.42,220.26,226.57,232.32,1.6
2015-08,266.04,259.65,251.59,238.79,232.68,229.02,223.68,219.1,212.24,202.69,194.76,199.04,206.06,213.31,220.22,226.59,232.41,2.07
2015-09,266.18,262.71,253.01,238.12,232.35,228.65,222.95,218.19,211.03,203.32,194.81,198.97,205.9,213.21,220.2,226.62,232.46,2.28
2015-10,266.84,265.91,256.63,239.78,233.08,228.92,222.01,216.97,209.46,202.02,193.97,198.71,206.07,213.47,220.47,226.91,232.77,2.46
2015-11,265.07,264.44,257.96,242.35,234.06,228.75,221.03,215.7,207.3,199.46,193.05,198.14,205.78,213.4,220.55,227.06,232.92,2.95
2015-12,262.62,259.44,253.41,241.68,233.36,227.5,219.65,214.72,205.58,197.84,192.29,198.67,206.38,213.93,220.96,227.39,233.22,2.82
2016-01,264.27,257.17,251.33,238.6,230.94,225.55,217.7,213.44,204.2,195.77,192.32,199.23,206.85,214.32,221.27,227.62,233.41,2.6
2016-02,269.81,261.76,252.95,238.0,231.99,225.73,217.51,213.18,202.73,195.67,192.25,199.12,206.91,214.47,221.51,227.94,233.76,2.4
2016-03,268.76,268.02,257.57,240.79,233.85,227.31,218.73,213.66,201.42,193.58,191.73,198.81,206.78,214.54,221.73,228.25,234.1,1.68
2016-04,266.85,265.76,259.99,246.41,236.47,230.49,221.64,216.18,201.72,193.89,192.11,198.85,206.82,214.56,221.74,228.26,234.1,1.09
2016-05,264.17,261.69,255.9,246.11,236.16,230.27,222.42,217.37,203.2,194.74,192.09,198.66,206.58,214.34,221.51,228.0,233.84,0.3
2016-06,264.85,257.06,250.58,241.83,233.71,229.1,222.25,217.44,205.64,197.26,193.07,198.83,206.15,213.44,220.35,226.72,232.51,-0.12
2016-07,264.22,259.03,250.12,239.15,231.85,228.12,221.96,217.38,209.0,199.69,194.09,198.71,205.67,212.93,219.82,226.17,231.96,-0.49
2016-08,263.29,261.17,250.41,235.68,230.32,226.99,221.02,216.6,210.12,200.16,193.94,199.07,206.05,213.21,220.1,226.45,232.23,-0.54
2016-09,265.8,265.32,256.48,240.16,234.06,229.33,221.05,215.9,209.31,199.46,193.53,198.51,205.51,212.87,219.84,226.25,232.06,-0.61
2016-10,266.26,263.76,256.34,242.31,235.42,230.64,221.67,215.89,208.27,198.84,191.6,197.87,205.58,213.16,220.25,226.71,232.57,-0.73
2016-11,266.05,261.81,255.32,241.84,233.82,228.93,220.87,215.28,207.04,196.25,190.53,197.73,205.52,213.1,220.18,226.65,232.52,-0.55
2016-12,264.71,258.31,252.06,239.16,231.26,226.43,219.22,214.09,206.17,196.04,190.55,197.83,205.65,213.15,220.14,226.54,232.38,-0.41
2017-01,265.97,254.62,248.56,235.6,229.47,224.79,217.94,213.3,206.1,197.07,191.38,198.05,205.53,212.95,219.89,226.23,232.01,-0.32
2017-02,271.3,260.48,248.1,237.34,231.08,225.75,217.73,212.64,205.35,197.05,191.64,197.96,205.41,212.82,219.84,226.27,232.1,0.14
2017-03,269.58,266.58,253.77,241.31,235.01,228.98,219.72,214.01,206.08,197.86,192.12,197.84,205.38,212.88,219.93,226.38,232.21,0.13
2017-04,266.8,265.91,257.56,242.94,236.57,230.78,220.4,214.74,206.65,198.59,192.07,197.65,205.52,213.26,220.47,227.01,232.87,0.32
2017-05,265.44,262.92,256.86,245.55,237.21,231.57,220.85,214.86,207.07,199.02,193.26,198.54,206.19,213.86,220.99,227.47,233.31,0.46
2017-06,262.32,259.16,253.13,244.15,236.17,229.71,220.76,213.6,207.26,200.68,195.83,199.41,206.06,213.3,220.21,226.6,232.42,0.55
2017-07,261.4,253.72,247.52,239.82,233.86,227.91,220.34,212.95,207.25,202.66,195.88,198.92,205.85,212.95,219.85,226.24,232.06,0.39
2017-08,264.05,259.05,251.08,240.3,232.14,226.86,218.9,211.73,206.67,202.52,195.47,199.06,205.8,212.94,219.81,226.17,231.96,-0.15
2017-09,264.3,263.02,256.29,246.46,237.06,230.17,219.46,211.45,205.68,201.0,194.7,198.93,205.89,213.1,220.02,226.4,232.22,-0.43
2017-10,264.63,261.46,254.97,246.66,241.31,233.32,220.69,212.39,205.31,199.72,192.92,198.11,205.65,213.21,220.28,226.71,232.53,-0.46
2017-11,260.99,260.21,253.93,244.9,240.67,235.78,221.33,212.84,204.35,197.61,191.32,197.76,205.56,213.09,220.12,226.54,232.37,-0.86
2017-12,259.54,258.48,251.02,241.91,237.55,234.16,220.37,212.41,203.37,195.89,191.18,198.19,205.91,213.39,220.34,226.7,232.46,-0.77
2018-01,265.69,254.93,247.01,237.81,233.88,231.01,218.82,211.53,202.92,196.5,191.86,198.2,205.4,212.66,219.54,225.88,231.66,-0.75
2018-02,267.71,261.73,248.82,238.74,234.62,230.72,216.7,209.23,201.41,193.64,190.74,197.81,205.66,213.22,220.18,226.49,232.24,-0.9
2018-03,266.68,266.13,258.05,245.78,240.2,235.4,220.28,211.15,201.73,194.77,191.37,197.68,205.32,212.84,219.87,226.28,232.09,-0.73
2018-04,264.76,263.23,256.82,247.22,241.55,237.13,222.85,214.14,203.75,196.73,191.75,197.59,205.25,212.87,219.99,226.48,232.33,-0.36
2018-05,262.0,260.82,253.91,244.82,239.91,235.92,223.6,215.33,204.63,197.73,192.22,197.75,205.38,213.09,220.3,226.85,232.74,-0.13
2018-06,260.25,259.39,252.14,242.32,237.54,233.77,225.23,215.81,205.44,199.33,194.03,199.08,206.06,213.17,219.99,226.31,232.1,0.2
2018-07,260.68,258.63,251.11,240.54,235.34,231.32,226.44,216.59,206.74,201.19,194.26,198.61,205.67,212.91,219.82,226.18,231.97,0.3
2018-08,261.61,258.45,248.52,237.74,232.55,229.21,225.2,218.7,207.66,201.7,195.39,198.84,205.52,212.63,219.47,225.79,231.57,0.29
2018-09,265.26,262.12,251.0,239.61,233.93,229.87,224.04,220.07,207.28,201.04,194.46,198.28,205.35,212.71,219.7,226.11,231.94,0.38
2018-10,265.61,263.44,252.4,240.77,235.28,231.04,223.8,219.43,205.67,198.1,192.09,197.93,205.46,212.92,219.94,226.37,232.23,0.86
2018-11,263.58,262.42,251.91,239.62,234.98,230.99,223.67,218.58,204.9,194.84,190.69,197.73,205.64,213.33,220.45,226.93,232.8,0.99
2018-12,259.49,252.39,243.89,235.17,230.68,227.12,221.15,216.47,204.63,193.03,191.36,198.08,205.76,213.23,220.23,226.64,232.48,0.96
2019-01,263.52,252.04,245.22,234.71,230.04,226.62,220.56,215.72,204.55,191.05,191.43,198.66,206.07,213.45,220.43,226.8,232.59,0.52
2019-02,271.13,259.12,247.99,237.82,231.79,227.55,221.38,216.57,205.97,193.21,191.06,198.14,206.02,213.58,220.58,226.96,232.71,0.68
2019-03,268.85,267.11,253.41,239.46,233.14,229.07,221.59,216.47,206.32,195.25,191.72,197.95,205.66,213.28,220.4,226.89,232.75,0.95
2019-04,266.02,265.29,257.5,241.3,233.65,228.84,221.57,216.29,206.39,196.65,191.23,198.16,206.14,213.91,221.09,227.6,233.45,0.71
2019-05,265.54,261.99,256.27,244.65,235.01,229.06,221.48,216.37,207.19,198.45,192.32,198.2,205.96,213.67,220.84,227.36,233.23,0.62
2019-06,261.21,257.08,252.07,243.89,235.55,228.51,220.0,215.46,207.82,200.96,193.78,199.01,206.34,213.83,220.87,227.32,233.18,0.47
2019-07,259.22,254.2,248.59,240.58,233.8,226.88,218.36,214.27,208.47,203.24,196.21,199.14,205.79,212.97,219.83,226.17,231.96,0.3
2019-08,264.09,258.8,251.84,241.22,233.2,226.82,217.69,213.34,208.1,203.22,196.03,199.69,206.21,213.21,220.03,226.33,232.07,0.1
2019-09,264.6,261.3,254.5,242.7,232.05,224.46,214.46,210.31,205.41,200.6,194.64,198.95,205.96,213.13,219.94,226.25,232.03,-0.03
2019-10,265.42,263.63,257.36,248.73,240.28,230.98,218.44,212.56,205.4,199.11,193.93,197.93,205.05,212.55,219.63,226.1,231.97,0.59
2019-11,263.26,260.21,254.47,246.07,240.47,231.78,218.87,212.78,204.32,197.36,191.98,197.97,205.54,213.11,220.22,226.71,232.58,0.51
2019-12,264.61,253.73,247.43,240.4,235.89,229.17,218.07,212.29,203.06,195.88,192.3,198.38,205.94,213.49,220.54,226.97,232.81,0.43
2020-01,267.47,253.68,247.29,240.31,234.51,227.97,217.33,212.17,202.97,195.48,191.95,198.73,206.45,213.98,220.96,227.28,233.02,0.53
2020-02,268.9,260.85,251.52,242.87,235.62,229.48,218.63,213.54,203.86,196.46,192.2,198.69,206.46,214.03,221.08,227.49,233.3,0.41
2020-03,265.37,263.24,256.17,247.12,238.71,231.28,220.18,215.0,204.66,196.93,192.55,198.7,206.3,213.83,220.91,227.35,233.17,0.55
2020-04,265.12,262.35,255.99,247.17,242.33,234.6,221.21,215.87,204.46,196.18,192.1,198.78,206.38,213.93,221.02,227.48,233.33,0.44
2020-05,261.64,259.02,253.65,244.44,239.78,235.98,221.88,216.79,204.52,195.81,192.11,198.95,206.83,214.45,221.55,228.04,233.93,-0.36
2020-06,256.78,255.5,250.18,241.08,236.31,233.23,222.75,217.72,206.14,198.66,193.49,198.88,206.13,213.36,220.34,226.78,232.65,-0.47
2020-07,255.83,253.52,248.02,237.83,232.92,230.08,222.24,217.41,208.53,200.78,194.41,198.72,205.66,212.87,219.77,226.18,232.04,-0.44
2020-08,264.91,259.01,249.97,236.56,232.11,228.6,220.42,216.0,209.63,201.67,194.41,199.17,206.17,213.3,220.1,226.42,232.22,-0.69
2020-09,265.27,263.68,254.02,240.74,235.6,230.54,220.44,215.31,208.56,201.77,194.58,199.27,206.03,213.06,219.9,226.28,232.13,-0.96
2020-10,264.45,262.8,255.15,242.78,237.87,232.45,221.93,216.13,208.35,202.27,192.94,198.3,205.53,212.94,219.96,226.39,232.26,-1.42
2020-11,261.47,260.41,255.12,244.36,238.74,233.08,221.94,216.23,208.11,201.34,192.25,197.87,205.54,213.04,220.08,226.55,232.45,-1.42
2020-12,258.69,256.63,250.34,240.54,234.42,228.72,218.36,213.55,206.37,199.68,192.27,198.06,205.55,212.93,219.83,226.23,232.1,-1.12
